run_number,paper_title,persona_1,persona_1_weight,persona_2,persona_2_weight,persona_3,persona_3_weight,justification,timestamp,duration_seconds
1,kd,ML_Expert,0.5000,Data_Scientist,0.3000,CS_Expert,0.2000,"This paper centers on machine learning methodology (knowledge distillation, active learning algorithms, model training/evaluation across SVM, LDA, RF, GBDT, DistilBERT), requires rigorous assessment of data processing pipelines and experimental design with multiple datasets, and involves algorithmic innovation (M-RARU) with computational efficiency and scalability considerations.",2026-04-20T15:28:01.793574,5.19
2,kd,ML_Expert,0.5000,Data_Scientist,0.3000,CS_Expert,0.2000,"This paper centers on machine learning methodology (knowledge distillation, active learning algorithms, model training/evaluation across SVM, LDA, RF, GBDT, DistilBERT), requires rigorous data processing and embedding strategies for large text corpora, and involves algorithmic complexity considerations for the novel M-RARU sampling mechanism and computational efficiency analysis.",2026-04-20T15:28:06.982493,4.34
3,kd,ML_Expert,0.5000,Data_Scientist,0.3000,CS_Expert,0.2000,"This paper centers on machine learning methodology (knowledge distillation, active learning algorithms, model training across SVM/LDA/RF/GBDT/DistilBERT), requires rigorous data processing evaluation (embeddings, text classification pipelines), and involves algorithmic complexity considerations (M-RARU's accept/reject mechanism, scalability analysis).",2026-04-20T15:28:11.322976,4.29
4,kd,ML_Expert,0.5000,Data_Scientist,0.3000,Econometrician,0.2000,"This paper centers on machine learning methodology (knowledge distillation, active learning algorithms, neural architectures) requiring ML_Expert evaluation; involves extensive data processing/embedding/classification requiring Data_Scientist review; and addresses causal inference concerns in sample selection and model performance interpretation relevant to Econometrician expertise.",2026-04-20T15:28:15.616712,4.13
5,kd,ML_Expert,0.5000,Data_Scientist,0.2500,CS_Expert,0.2500,"This paper centers on machine learning methodology (knowledge distillation, active learning algorithms, model training/evaluation across SVM, LDA, RF, GBDT, DistilBERT), requires rigorous assessment of data processing pipelines and embedding strategies for large text corpora, and involves algorithmic innovation (M-RARU) with computational complexity and scalability considerations.",2026-04-20T15:28:19.746511,4.32
6,kd,ML_Expert,0.5000,Data_Scientist,0.2500,CS_Expert,0.2500,"This paper centers on machine learning methodology (knowledge distillation, active learning algorithms, model training across SVM/RF/GBDT/DistilBERT), requires rigorous evaluation of data processing pipelines and embedding strategies, and involves algorithmic complexity analysis of the M-RARU sampling mechanism.",2026-04-20T15:28:24.068589,4.31
7,kd,ML_Expert,0.4500,Data_Scientist,0.3500,Econometrician,0.2000,"This paper centers on machine learning methodology (knowledge distillation, active learning algorithms, model training/evaluation) requiring ML_Expert review, relies heavily on text data processing and embedding techniques necessitating Data_Scientist expertise, and applies these methods to economics text classification tasks (GDP trends, Fed comments) where Econometrician perspective ensures methodological rigor and domain-appropriate evaluation.",2026-04-20T15:28:28.375234,4.43
8,kd,ML_Expert,0.5000,Data_Scientist,0.3000,CS_Expert,0.2000,"This paper centers on machine learning methodology (knowledge distillation, active learning algorithms, model training/evaluation across SVM, LDA, RF, GBDT, DistilBERT), requires rigorous data processing and experimental design evaluation, and involves algorithmic complexity considerations (accept/reject mechanisms, scalability, computational efficiency analysis).",2026-04-20T15:28:32.800803,4.12
9,kd,ML_Expert,0.5000,Data_Scientist,0.3000,Econometrician,0.2000,"This paper primarily develops a novel machine learning algorithm (M-RARU) combining active learning with knowledge distillation, requires rigorous evaluation of data selection/processing strategies for text classification, and applies these methods to economic text corpora (Federal Reserve documents, financial news) demanding careful assessment of causal claims about cost-efficiency improvements.",2026-04-20T15:28:36.925639,4.42
10,kd,ML_Expert,0.5000,Data_Scientist,0.2500,CS_Expert,0.2500,"This paper centers on machine learning methodology (knowledge distillation, active learning algorithms, model training across SVM/RF/GBDT/DistilBERT), requires rigorous evaluation of data processing pipelines and embedding techniques, and involves algorithmic complexity analysis of the M-RARU sampling mechanism.",2026-04-20T15:28:41.347648,4.04
